"tournament_season","tournament_date","tournament_day_number","tournament_name","tournament_last_played_as","course_name","course_yardage","course_par","tournament_name","player_name","place","score_r1","score_r2","score_r3","score_r4","score_total","score_topar","winnings","place_r1","place_r2","place_r3","place_r4","fairways_hit","fairways_rank","driving_yards","driving_rank","greens_hit","greens_rank","putts_average","putts_total","putts_rank","score_topar_par3","score_topar_par4","score_topar_par5","eagles","birdies","pars","bogeys"
"2015","26-Jul-15","40749","RBC Canadian Open","","Glen Abbey G.C.","7253","72","RBC Canadian Open","Jason Day","1","68","66","69","68","271","-17","1044000","17","5","2","1","21","73","330.6","2","47","36","25.8","103","2","-4","-2","-11","2","23","38","8","100"
"2015","26-Jul-15","40749","RBC Canadian Open","","Glen Abbey G.C.","7253","72","RBC Canadian Open","Bubba Watson","2","68","67","68","69","272","-16","626400","17","6","2","2","28","43","339.5","1","55","2","29","116","61","-2","2","-16","3","23","34","11","75"
"2015","26-Jul-15","40749","RBC Canadian Open","","Glen Abbey G.C.","7253","72","RBC Canadian Open","David Hearn","3","69","64","68","72","273","-15","394400","33","3","1","3","28","43","293","55","48","31","25.8","103","2","-1","-4","-10","0","22","43","7","60"
"2015","26-Jul-15","40749","RBC Canadian Open","","Glen Abbey G.C.","7253","72","RBC Canadian Open","Jim Furyk","4","68","69","68","69","274","-14","278400","17","16","6","4","35","5","297","46","45","57","26.5","106","9","2","-6","-10","0","17","52","3","40"
"2015","26-Jul-15","40749","RBC Canadian Open","","Glen Abbey G.C.","7253","72","RBC Canadian Open","Stewart Cink","5","68","73","68","66","275","-13","220400","17","56","26","5","31","25","304","35","50","16","28.5","114","52","-3","2","-12","0","20","45","7","40"
"2015","26-Jul-15","40749","RBC Canadian Open","","Glen Abbey G.C.","7253","72","RBC Canadian Open","Tom Hoge","5","70","70","69","66","275","-13","220400","53","44","26","5","18","78","312.8","13","48","31","26.3","105","7","0","-3","-10","0","22","43","5","40"
"2015","26-Jul-15","40749","RBC Canadian Open","","Glen Abbey G.C.","7253","72","RBC Canadian Open","Charley Hoffman","7","71","66","69","70","276","-12","174725","69","16","11","7","29","38","330.4","3","40","75","25.3","101","1","2","-1","-13","3","17","41","11","30"
"2015","26-Jul-15","40749","RBC Canadian Open","","Glen Abbey G.C.","7253","72","RBC Canadian Open","Matt Kuchar","7","69","69","69","69","276","-12","174725","33","22","16","7","36","4","310.1","16","49","24","27.3","109","20","0","-1","-11","0","21","43","7","30"
"2015","26-Jul-15","40749","RBC Canadian Open","","Glen Abbey G.C.","7253","72","RBC Canadian Open","Adam Hadwin","7","74","67","67","68","276","-12","174725","123","56","20","7","33","13","305.1","31","48","31","26.8","107","13","0","-3","-9","1","23","38","7","30"
"2015","26-Jul-15","40749","RBC Canadian Open","","Glen Abbey G.C.","7253","72","RBC Canadian Open","Austin Cook","7","68","70","69","69","276","-12","174725","17","22","16","7","32","17","306.9","25","46","43","26.5","106","9","0","0","-12","1","16","49","6","30"
"2015","26-Jul-15","40749","RBC Canadian Open","","Glen Abbey G.C.","7253","72","RBC Canadian Open","Chad Campbell","11","67","63","75","72","277","-11","115171","8","1","6","11","30","31","293","55","49","24","28","112","39","-6","6","-11","0","20","45","6","20"
"2015","26-Jul-15","40749","RBC Canadian Open","","Glen Abbey G.C.","7253","72","RBC Canadian Open","Rory Sabbatini","11","72","69","69","67","277","-11","115171","88","56","38","11","30","31","306.5","29","55","2","29.3","117","66","1","-1","-11","2","14","50","5","20"
"2015","26-Jul-15","40749","RBC Canadian Open","","Glen Abbey G.C.","7253","72","RBC Canadian Open","Erik Compton","11","66","69","71","71","277","-11","115171","4","6","11","11","27","47","315.4","7","42","71","25.8","103","2","-1","-3","-7","1","21","38","12","20"
"2015","26-Jul-15","40749","RBC Canadian Open","","Glen Abbey G.C.","7253","72","RBC Canadian Open","Ricky Barnes","11","68","70","68","71","277","-11","115171","17","22","11","11","34","11","301.5","40","47","36","28.3","113","48","-1","-1","-9","2","17","43","10","20"
"2015","26-Jul-15","40749","RBC Canadian Open","","Glen Abbey G.C.","7253","72","RBC Canadian Open","Daniel Summerhays","11","73","69","68","67","277","-11","115171","109","72","38","11","35","5","300.4","43","51","11","28.3","113","48","0","-2","-9","0","19","46","6","20"
"2015","26-Jul-15","40749","RBC Canadian Open","","Glen Abbey G.C.","7253","72","RBC Canadian Open","Michael Putnam","11","71","65","68","73","277","-11","115171","69","9","4","11","25","61","301.3","41","50","16","27.8","111","30","-1","-2","-8","1","17","47","6","20"
"2015","26-Jul-15","40749","RBC Canadian Open","","Glen Abbey G.C.","7253","72","RBC Canadian Open","James Hahn","11","71","68","69","69","277","-11","115171","69","33","20","11","35","5","311.5","14","50","16","27.8","111","30","-1","-2","-8","0","17","49","6","20"
"2015","26-Jul-15","40749","RBC Canadian Open","","Glen Abbey G.C.","7253","72","RBC Canadian Open","Cameron Percy","18","72","67","69","70","278","-10","78300","88","33","20","18","30","31","309.6","18","44","63","26.8","107","13","-1","-1","-8","1","17","45","9","20"
"2015","26-Jul-15","40749","RBC Canadian Open","","Glen Abbey G.C.","7253","72","RBC Canadian Open","Pat Perez","18","69","69","69","71","278","-10","78300","33","22","16","18","30","31","296.9","47","46","43","27.3","109","20","0","-4","-6","2","16","44","10","20"
"2015","26-Jul-15","40749","RBC Canadian Open","","Glen Abbey G.C.","7253","72","RBC Canadian Open","Johnson Wagner","18","67","66","72","73","278","-10","78300","8","3","6","18","32","17","309.1","20","48","31","27.8","111","30","0","-2","-8","1","16","47","8","20"
"2015","26-Jul-15","40749","RBC Canadian Open","","Glen Abbey G.C.","7253","72","RBC Canadian Open","Brooks Koepka","18","68","68","68","74","278","-10","78300","17","9","4","18","31","25","329","4","50","16","28.8","115","56","2","-1","-11","1","18","43","10","20"
"2015","26-Jul-15","40749","RBC Canadian Open","","Glen Abbey G.C.","7253","72","RBC Canadian Open","Mark Wilson","22","70","68","72","69","279","-9","46207","53","22","38","22","32","17","292","57","53","4","29.3","117","66","-2","-1","-6","0","18","45","9","20"
"2015","26-Jul-15","40749","RBC Canadian Open","","Glen Abbey G.C.","7253","72","RBC Canadian Open","Tim Wilkinson","22","72","70","69","68","279","-9","46207","88","72","48","22","35","5","293.6","51","51","11","28","112","39","1","0","-10","1","15","48","8","20"
"2015","26-Jul-15","40749","RBC Canadian Open","","Glen Abbey G.C.","7253","72","RBC Canadian Open","Camilo Villegas","22","69","69","67","74","279","-9","46207","33","22","6","22","25","61","303.1","37","48","31","28","112","39","1","3","-13","1","19","40","12","20"
"2015","26-Jul-15","40749","RBC Canadian Open","","Glen Abbey G.C.","7253","72","RBC Canadian Open","Jonas Blixt","22","69","69","69","72","279","-9","46207","33","22","16","22","27","47","297.5","45","43","69","27.5","110","24","1","-4","-6","0","15","51","6","20"
"2015","26-Jul-15","40749","RBC Canadian Open","","Glen Abbey G.C.","7253","72","RBC Canadian Open","Sam Saunders","22","70","69","71","69","279","-9","46207","53","33","38","22","26","53","307.8","22","44","63","27","108","16","2","-2","-9","0","21","39","12","20"
"2015","26-Jul-15","40749","RBC Canadian Open","","Glen Abbey G.C.","7253","72","RBC Canadian Open","Andres Gonzales","22","70","67","74","68","279","-9","46207","53","16","48","22","29","38","326.3","5","56","1","30","120","74","0","-1","-8","1","19","41","10","20"
"2015","26-Jul-15","40749","RBC Canadian Open","","Glen Abbey G.C.","7253","72","RBC Canadian Open","Tony Finau","22","71","70","73","65","279","-9","46207","69","56","70","22","26","53","319.9","6","53","4","30.3","121","76","2","-2","-9","0","21","41","8","20"
"2015","26-Jul-15","40749","RBC Canadian Open","","Glen Abbey G.C.","7253","72","RBC Canadian Open","Jim Herman","22","67","75","69","68","279","-9","46207","8","72","48","22","30","31","304.1","34","52","6","28","112","39","2","-3","-8","0","21","43","5","20"
"2015","26-Jul-15","40749","RBC Canadian Open","","Glen Abbey G.C.","7253","72","RBC Canadian Open","Brian Stuard","22","69","72","70","68","279","-9","46207","33","56","48","22","33","13","293.4","53","47","36","27.3","109","20","0","-3","-6","0","18","45","9","20"
"2015","26-Jul-15","40749","RBC Canadian Open","","Glen Abbey G.C.","7253","72","RBC Canadian Open","Emiliano Grillo","22","64","72","69","74","279","-9","46207","1","9","6","22","30","31","310.1","16","52","6","29.3","117","66","-1","2","-10","1","21","40","6","20"
"2015","26-Jul-15","40749","RBC Canadian Open","","Glen Abbey G.C.","7253","72","RBC Canadian Open","Scott Langley","22","69","71","69","70","279","-9","46207","33","44","26","22","26","53","291.9","58","49","24","29","116","61","2","4","-15","3","15","43","10","20"
"2015","26-Jul-15","40749","RBC Canadian Open","","Glen Abbey G.C.","7253","72","RBC Canadian Open","Ollie Schniederjans","22","71","69","66","73","279","-9","46207","69","44","11","22","21","73","313.4","10","46","43","26","104","6","1","-4","-6","0","26","30","15","20"
"2015","26-Jul-15","40749","RBC Canadian Open","","Glen Abbey G.C.","7253","72","RBC Canadian Open","Justin Leonard","34","72","66","73","69","280","-8","28669","88","22","48","34","38","1","276.4","75","49","24","28.8","115","56","2","0","-10","2","15","45","9","10"
"2015","26-Jul-15","40749","RBC Canadian Open","","Glen Abbey G.C.","7253","72","RBC Canadian Open","Andres Romero","34","68","73","70","69","280","-8","28669","17","56","48","34","24","66","300.1","44","49","24","28","112","39","3","-5","-6","2","14","47","8","10"
"2015","26-Jul-15","40749","RBC Canadian Open","","Glen Abbey G.C.","7253","72","RBC Canadian Open","Nick Watney","34","73","66","70","71","280","-8","28669","109","33","26","34","23","68","304.8","33","45","57","28","112","39","1","0","-9","2","18","39","12","10"
"2015","26-Jul-15","40749","RBC Canadian Open","","Glen Abbey G.C.","7253","72","RBC Canadian Open","Brian Harman","34","65","67","76","72","280","-8","28669","2","2","20","34","35","5","315.4","7","51","11","28.5","114","52","2","-3","-7","0","22","40","6","10"
"2015","26-Jul-15","40749","RBC Canadian Open","","Glen Abbey G.C.","7253","72","RBC Canadian Open","Tyrone Van Aswegen","34","66","75","68","71","280","-8","28669","4","56","26","34","30","31","282.1","68","49","24","28.8","115","56","-3","0","-5","0","18","45","8","10"
"2015","26-Jul-15","40749","RBC Canadian Open","","Glen Abbey G.C.","7253","72","RBC Canadian Open","William McGirt","34","67","69","75","69","280","-8","28669","8","9","48","34","26","53","282","70","52","6","28.3","113","48","-2","-1","-5","0","18","45","8","10"
"2015","26-Jul-15","40749","RBC Canadian Open","","Glen Abbey G.C.","7253","72","RBC Canadian Open","Adam Svensson","34","69","73","67","71","280","-8","28669","33","72","26","34","33","13","301","42","42","71","27.8","111","30","-3","5","-10","0","18","44","10","10"
"2015","26-Jul-15","40749","RBC Canadian Open","","Glen Abbey G.C.","7253","72","RBC Canadian Open","Alex Cejka","41","72","70","70","69","281","-7","20300","88","72","57","41","29","38","291.3","59","46","43","27","108","16","0","-1","-6","0","15","50","6","10"
"2015","26-Jul-15","40749","RBC Canadian Open","","Glen Abbey G.C.","7253","72","RBC Canadian Open","Ryan Palmer","41","71","71","72","67","281","-7","20300","69","72","70","41","22","70","311","15","46","43","28.5","114","52","-1","-2","-4","0","15","49","8","10"
"2015","26-Jul-15","40749","RBC Canadian Open","","Glen Abbey G.C.","7253","72","RBC Canadian Open","Vaughn Taylor","41","65","71","74","71","281","-7","20300","2","9","38","41","34","11","307.6","23","51","11","29.3","117","66","4","-2","-9","0","21","39","10","10"
"2015","26-Jul-15","40749","RBC Canadian Open","","Glen Abbey G.C.","7253","72","RBC Canadian Open","J.J. Henry","41","72","67","71","71","281","-7","20300","88","33","38","41","24","66","288.8","61","47","36","29.5","118","71","1","2","-10","0","14","51","7","10"
"2015","26-Jul-15","40749","RBC Canadian Open","","Glen Abbey G.C.","7253","72","RBC Canadian Open","Chad Collins","41","70","70","69","72","281","-7","20300","53","44","26","41","32","17","296.3","48","50","16","28","112","39","3","-2","-8","1","16","45","9","10"
"2015","26-Jul-15","40749","RBC Canadian Open","","Glen Abbey G.C.","7253","72","RBC Canadian Open","Chez Reavie","41","69","67","76","69","281","-7","20300","33","9","57","41","32","17","293.5","52","51","11","30","120","74","1","-1","-7","1","18","41","11","10"
"2015","26-Jul-15","40749","RBC Canadian Open","","Glen Abbey G.C.","7253","72","RBC Canadian Open","J.J. Spaun","41","67","72","73","69","281","-7","20300","8","33","57","41","35","5","309.6","18","50","16","29","116","61","1","0","-8","2","17","40","12","10"
"2015","26-Jul-15","40749","RBC Canadian Open","","Glen Abbey G.C.","7253","72","RBC Canadian Open","Scott Verplank","48","72","70","72","68","282","-6","14283","88","72","70","48","26","53","269.9","78","45","57","25.8","103","2","1","1","-8","0","21","38","11","10"
"2015","26-Jul-15","40749","RBC Canadian Open","","Glen Abbey G.C.","7253","72","RBC Canadian Open","Ben Crane","48","73","67","70","72","282","-6","14283","109","44","38","48","33","13","278.5","73","46","43","27","108","16","-1","0","-5","0","19","41","11","10"
"2015","26-Jul-15","40749","RBC Canadian Open","","Glen Abbey G.C.","7253","72","RBC Canadian Open","Jhonattan Vegas","48","71","70","68","73","282","-6","14283","69","56","26","48","27","47","305.8","30","49","24","28.8","115","56","0","2","-8","0","18","42","12","10"
"2015","26-Jul-15","40749","RBC Canadian Open","","Glen Abbey G.C.","7253","72","RBC Canadian Open","Jeff Overton","48","72","68","69","73","282","-6","14283","88","44","26","48","27","47","307.5","24","46","43","27.5","110","24","-1","0","-5","1","14","47","10","10"
"2015","26-Jul-15","40749","RBC Canadian Open","","Glen Abbey G.C.","7253","72","RBC Canadian Open","Colt Knost","48","68","69","75","70","282","-6","14283","17","16","57","48","37","2","285.6","65","44","63","27.8","111","30","1","-2","-5","0","17","45","9","10"
"2015","26-Jul-15","40749","RBC Canadian Open","","Glen Abbey G.C.","7253","72","RBC Canadian Open","Alex Prugh","48","67","70","69","76","282","-6","14283","8","16","11","48","31","25","302","39","47","36","28.3","113","48","-1","-2","-3","1","15","46","9","10"
"2015","26-Jul-15","40749","RBC Canadian Open","","Glen Abbey G.C.","7253","72","RBC Canadian Open","Derek Fathauer","48","72","70","67","73","282","-6","14283","88","72","26","48","22","70","293.3","54","46","43","27.5","110","24","2","-4","-4","0","13","52","7","10"
"2015","26-Jul-15","40749","RBC Canadian Open","","Glen Abbey G.C.","7253","72","RBC Canadian Open","Roberto Castro","48","69","72","67","74","282","-6","14283","33","56","20","48","28","43","286.4","64","46","43","27.5","110","24","1","1","-8","0","17","45","9","10"
"2015","26-Jul-15","40749","RBC Canadian Open","","Glen Abbey G.C.","7253","72","RBC Canadian Open","D.A. Points","56","69","72","71","71","283","-5","13166","33","56","57","56","19","77","281.6","71","50","16","27.8","111","30","2","1","-8","0","19","41","10","5"
"2015","26-Jul-15","40749","RBC Canadian Open","","Glen Abbey G.C.","7253","72","RBC Canadian Open","Nick Taylor","56","70","72","71","70","283","-5","13166","53","72","66","56","31","25","309.1","20","46","43","28.8","115","56","-2","5","-8","0","17","44","10","5"
"2015","26-Jul-15","40749","RBC Canadian Open","","Glen Abbey G.C.","7253","72","RBC Canadian Open","Brian Davis","58","69","73","67","75","284","-4","12760","33","72","26","58","29","38","282.1","68","42","71","27.3","109","20","-2","1","-3","0","15","46","11","5"
"2015","26-Jul-15","40749","RBC Canadian Open","","Glen Abbey G.C.","7253","72","RBC Canadian Open","Eric Axley","58","67","68","75","74","284","-4","12760","8","6","38","58","22","70","272.3","77","39","76","26.5","106","9","1","5","-10","3","10","49","8","5"
"2015","26-Jul-15","40749","RBC Canadian Open","","Glen Abbey G.C.","7253","72","RBC Canadian Open","Steve Wheatcroft","58","66","72","75","71","284","-4","12760","4","22","66","58","26","53","303","38","44","63","27.8","111","30","-2","3","-5","0","17","44","9","5"
"2015","26-Jul-15","40749","RBC Canadian Open","","Glen Abbey G.C.","7253","72","RBC Canadian Open","Andrew Svoboda","58","72","70","69","73","284","-4","12760","88","72","48","58","20","76","293.9","50","46","43","27.8","111","30","-2","3","-5","1","18","40","10","5"
"2015","26-Jul-15","40749","RBC Canadian Open","","Glen Abbey G.C.","7253","72","RBC Canadian Open","Scott Pinckney","58","68","68","73","75","284","-4","12760","17","9","26","58","28","43","313.1","11","46","43","28.5","114","52","3","3","-10","2","17","40","9","5"
"2015","26-Jul-15","40749","RBC Canadian Open","","Glen Abbey G.C.","7253","72","RBC Canadian Open","Steve Stricker","63","69","72","71","73","285","-3","12064","33","56","57","63","32","17","280.1","72","39","76","26.3","105","7","0","4","-7","2","12","46","11","5"
"2015","26-Jul-15","40749","RBC Canadian Open","","Glen Abbey G.C.","7253","72","RBC Canadian Open","Angel Cabrera","63","73","69","72","71","285","-3","12064","109","72","70","63","25","61","315","9","46","43","27.5","110","24","-1","3","-5","0","18","41","11","5"
"2015","26-Jul-15","40749","RBC Canadian Open","","Glen Abbey G.C.","7253","72","RBC Canadian Open","Tim Clark","63","72","67","72","74","285","-3","12064","88","33","48","63","37","2","287.9","62","46","43","28","112","39","4","-4","-3","0","13","51","6","5"
"2015","26-Jul-15","40749","RBC Canadian Open","","Glen Abbey G.C.","7253","72","RBC Canadian Open","Hunter Mahan","63","68","72","70","75","285","-3","12064","17","44","38","63","23","68","306.6","28","50","16","29.5","118","71","0","8","-11","1","15","44","10","5"
"2015","26-Jul-15","40749","RBC Canadian Open","","Glen Abbey G.C.","7253","72","RBC Canadian Open","Martin Flores","63","68","74","70","73","285","-3","12064","17","72","57","63","27","47","303.6","36","52","6","30.8","123","77","1","-1","-3","1","9","54","8","5"
"2015","26-Jul-15","40749","RBC Canadian Open","","Glen Abbey G.C.","7253","72","RBC Canadian Open","Carlos Ortiz","63","71","69","72","73","285","-3","12064","69","44","57","63","25","61","306.8","27","52","6","31","124","78","3","4","-10","2","14","43","11","5"
"2015","26-Jul-15","40749","RBC Canadian Open","","Glen Abbey G.C.","7253","72","RBC Canadian Open","Andrew Putnam","63","69","71","73","72","285","-3","12064","33","44","66","63","27","47","283.6","67","38","78","26.5","106","9","1","3","-7","0","16","43","13","5"
"2015","26-Jul-15","40749","RBC Canadian Open","","Glen Abbey G.C.","7253","72","RBC Canadian Open","Tom Gillis","70","73","68","73","72","286","-2","11542","109","56","70","70","32","17","294.9","49","44","63","26.8","107","13","-1","4","-5","0","14","47","10","5"
"2015","26-Jul-15","40749","RBC Canadian Open","","Glen Abbey G.C.","7253","72","RBC Canadian Open","Zachary Blair","70","69","70","71","76","286","-2","11542","33","33","38","70","31","25","273","76","43","69","27","108","16","-1","3","-4","0","16","44","10","5"
"2015","26-Jul-15","40749","RBC Canadian Open","","Glen Abbey G.C.","7253","72","RBC Canadian Open","Hudson Swafford","72","71","68","69","79","287","-1","11310","69","33","20","72","26","53","313.1","11","47","36","29","116","61","1","5","-7","1","14","44","11","5"
"2015","26-Jul-15","40749","RBC Canadian Open","","Glen Abbey G.C.","7253","72","RBC Canadian Open","Chesson Hadley","72","67","74","73","73","287","-1","11310","8","56","70","72","21","73","286.9","63","45","57","27.8","111","30","0","10","-11","0","17","43","9","5"
"2015","26-Jul-15","40749","RBC Canadian Open","","Glen Abbey G.C.","7253","72","RBC Canadian Open","Heath Slocum","74","68","74","70","76","288","0","11078","17","72","57","74","32","17","284.1","66","44","63","27.5","110","24","-1","4","-3","0","20","36","12","5"
"2015","26-Jul-15","40749","RBC Canadian Open","","Glen Abbey G.C.","7253","72","RBC Canadian Open","Luke Donald","74","72","70","72","74","288","0","11078","88","72","70","74","25","61","278.3","74","45","57","29.3","117","66","-1","2","-1","0","12","49","10","5"
"2015","26-Jul-15","40749","RBC Canadian Open","","Glen Abbey G.C.","7253","72","RBC Canadian Open","Retief Goosen","76","69","71","74","75","289","1","10788","33","44","70","76","31","25","305","32","45","57","29","116","61","1","3","-3","0","17","39","15","5"
"2015","26-Jul-15","40749","RBC Canadian Open","","Glen Abbey G.C.","7253","72","RBC Canadian Open","Brendon De Jonge","76","71","66","76","76","289","1","10788","69","16","66","76","29","38","306.9","25","47","36","29.8","119","73","2","8","-9","2","15","41","8","5"
"2015","26-Jul-15","40749","RBC Canadian Open","","Glen Abbey G.C.","7253","72","RBC Canadian Open","K.J. Choi","76","69","72","73","75","289","1","10788","33","56","70","76","26","53","289.1","60","41","74","28","112","39","-1","8","-6","1","12","46","11","5"
"2015","26-Jul-15","40749","RBC Canadian Open","","Glen Abbey G.C.","7253","72","RBC Canadian Open","Scott Piercy","79","70","72","73","0","215","-1","10382","53","72","79","0","16","0","310.7","0","30","0","26.3","79","0","2","-1","-2","1","10","32","11","5"
"2015","26-Jul-15","40749","RBC Canadian Open","","Glen Abbey G.C.","7253","72","RBC Canadian Open","Lucas Glover","79","70","68","77","0","215","-1","10382","53","22","79","0","26","0","308.5","0","35","0","29.7","89","0","3","0","-4","1","13","29","8","5"
"2015","26-Jul-15","40749","RBC Canadian Open","","Glen Abbey G.C.","7253","72","RBC Canadian Open","J.B. Holmes","79","69","70","76","0","215","-1","10382","33","33","79","0","20","0","318","0","38","0","30.7","92","0","0","4","-5","1","11","33","6","5"
"2015","26-Jul-15","40749","RBC Canadian Open","","Glen Abbey G.C.","7253","72","RBC Canadian Open","Jon Curran","79","70","70","75","0","215","-1","10382","53","44","79","0","18","0","296.3","0","28","0","27.3","82","0","5","2","-8","1","13","27","12","5"
"2015","26-Jul-15","40749","RBC Canadian Open","","Glen Abbey G.C.","7253","72","RBC Canadian Open","Austin Connelly","79","73","65","77","0","215","-1","0","109","22","79","0","26","0","277.8","0","30","0","25.7","77","0","-1","2","-2","0","12","32","9","5"
"2015","26-Jul-15","40749","RBC Canadian Open","","Glen Abbey G.C.","7253","72","RBC Canadian Open","Blair Hamilton","79","71","68","76","0","215","-1","0","69","33","79","0","20","0","309.8","0","31","0","28","84","0","0","-1","0","0","10","35","9","5"
"2015","26-Jul-15","40749","RBC Canadian Open","","Glen Abbey G.C.","7253","72","RBC Canadian Open","Seung-Yul Noh","85","68","74","74","0","216","0","10034","17","72","85","0","17","0","312.3","0","39","0","30.7","92","0","2","6","-8","0","12","33","7","5"
"2015","26-Jul-15","40749","RBC Canadian Open","","Glen Abbey G.C.","7253","72","RBC Canadian Open","Ryo Ishikawa","85","70","72","74","0","216","0","10034","53","72","85","0","19","0","276.8","0","31","0","27","81","0","-1","5","-4","1","9","33","11","5"
"2015","26-Jul-15","40749","RBC Canadian Open","","Glen Abbey G.C.","7253","72","RBC Canadian Open","Steven Alker","87","71","69","77","0","217","1","9802","69","44","87","0","22","0","292.2","0","31","0","27.7","83","0","4","4","-7","1","6","39","7","5"
"2015","26-Jul-15","40749","RBC Canadian Open","","Glen Abbey G.C.","7253","72","RBC Canadian Open","Jonathan Randolph","87","71","70","76","0","217","1","9802","69","56","87","0","16","0","297.3","0","32","0","28","84","0","5","0","-4","0","11","34","6","5"
"2015","26-Jul-15","40749","RBC Canadian Open","","Glen Abbey G.C.","7253","72","RBC Canadian Open","Ryan Ruffels","87","66","75","76","0","217","1","0","4","56","87","0","19","0","323.3","0","32","0","29.7","89","0","6","1","-6","1","8","36","7","5"
"2015","26-Jul-15","40749","RBC Canadian Open","","Glen Abbey G.C.","7253","72","RBC Canadian Open","Marcelo Rozo","90","76","66","76","0","218","2","9628","146","72","90","0","14","0","293.7","0","34","0","29","87","0","-2","7","-3","0","10","34","8","5"
"2015","26-Jul-15","40749","RBC Canadian Open","","Glen Abbey G.C.","7253","72","RBC Canadian Open","Blayne Barber","91","68","74","79","0","221","5","9512","17","72","91","0","22","0","302.3","0","30","0","28","84","0","1","3","1","0","17","19","14","5"
"2016","24-Jul-16","41113","RBC Canadian Open","","Glen Abbey G.C.","7253","72","RBC Canadian Open","Jhonattan Vegas","1","73","69","70","64","276","-12","1062000","55","21","15","1","25","55","323.5","11","50","3","29","116","65","-1","-3","-8","0","23","38","11","100"
"2016","24-Jul-16","41113","RBC Canadian Open","","Glen Abbey G.C.","7253","72","RBC Canadian Open","Martin Laird","2","73","69","68","67","277","-11","440533","55","21","6","2","27","40","329.8","4","57","1","30.3","121","79","2","-7","-6","0","18","48","5","75"
"2016","24-Jul-16","41113","RBC Canadian Open","","Glen Abbey G.C.","7253","72","RBC Canadian Open","Dustin Johnson","2","66","71","71","69","277","-11","440533","1","1","2","2","34","5","334.9","1","44","30","26.8","107","13","2","1","-14","2","20","39","9","75"
"2016","24-Jul-16","41113","RBC Canadian Open","","Glen Abbey G.C.","7253","72","RBC Canadian Open","Jon Rahm","2","67","71","72","67","277","-11","440533","3","3","6","2","34","5","328.5","6","45","23","27","108","17","6","-6","-11","2","19","41","8","75"
"2016","24-Jul-16","41113","RBC Canadian Open","","Glen Abbey G.C.","7253","72","RBC Canadian Open","Alex Cejka","5","71","69","69","69","278","-10","207238","30","10","4","5","30","16","295.4","76","48","12","28","112","40","1","2","-13","1","16","48","6","40"
"2016","24-Jul-16","41113","RBC Canadian Open","","Glen Abbey G.C.","7253","72","RBC Canadian Open","Ricky Barnes","5","71","68","71","68","278","-10","207238","30","6","6","5","22","66","289.5","79","50","3","28.5","114","52","-2","1","-9","0","17","48","7","40"
"2016","24-Jul-16","41113","RBC Canadian Open","","Glen Abbey G.C.","7253","72","RBC Canadian Open","Steve Wheatcroft","5","68","77","64","69","278","-10","207238","7","47","4","5","38","1","312.1","33","46","19","27.5","110","27","0","-1","-9","3","18","39","10","40"
"2016","24-Jul-16","41113","RBC Canadian Open","","Glen Abbey G.C.","7253","72","RBC Canadian Open","Brandt Snedeker","5","68","73","66","71","278","-10","207238","7","16","1","5","29","24","310.5","42","46","19","26.8","107","13","6","-9","-7","1","21","38","11","40"
"2016","24-Jul-16","41113","RBC Canadian Open","","Glen Abbey G.C.","7253","72","RBC Canadian Open","Geoff Ogilvy","9","73","71","72","63","279","-9","159300","55","36","44","9","29","24","315.5","24","40","57","26.5","106","8","0","2","-11","2","19","40","8","30"
"2016","24-Jul-16","41113","RBC Canadian Open","","Glen Abbey G.C.","7253","72","RBC Canadian Open","Matt Kuchar","9","69","71","70","69","279","-9","159300","11","10","6","9","32","12","316.5","23","47","14","27.8","111","32","3","0","-12","1","16","49","4","30"
"2016","24-Jul-16","41113","RBC Canadian Open","","Glen Abbey G.C.","7253","72","RBC Canadian Open","Ben Crane","9","69","70","73","67","279","-9","159300","11","6","15","9","26","48","300.9","67","45","23","26.5","106","8","2","0","-11","1","18","42","11","30"
"2016","24-Jul-16","41113","RBC Canadian Open","","Glen Abbey G.C.","7253","72","RBC Canadian Open","Jared Du Toit","9","67","71","70","71","279","-9","0","3","3","2","9","26","48","324.6","7","43","38","26.3","105","5","1","-5","-5","2","18","42","8","30"
"2016","24-Jul-16","41113","RBC Canadian Open","","Glen Abbey G.C.","7253","72","RBC Canadian Open","Jim Furyk","13","70","71","71","68","280","-8","135700","21","16","15","13","37","2","297.5","75","44","30","26.5","106","8","-2","2","-8","0","16","49","6","20"
"2016","24-Jul-16","41113","RBC Canadian Open","","Glen Abbey G.C.","7253","72","RBC Canadian Open","Jimmy Walker","14","70","72","71","68","281","-7","95056","21","21","21","14","22","66","307.3","51","44","30","26.5","106","8","0","3","-10","1","19","40","10","20"
"2016","24-Jul-16","41113","RBC Canadian Open","","Glen Abbey G.C.","7253","72","RBC Canadian Open","Chez Reavie","14","69","71","73","68","281","-7","95056","11","10","21","14","29","24","308.4","48","49","8","28.5","114","52","3","1","-11","1","21","35","14","20"
"2016","24-Jul-16","41113","RBC Canadian Open","","Glen Abbey G.C.","7253","72","RBC Canadian Open","Luke List","14","66","71","77","67","281","-7","95056","1","1","28","14","26","48","324.3","10","44","30","26.8","107","13","2","3","-12","0","22","39","8","20"
"2016","24-Jul-16","41113","RBC Canadian Open","","Glen Abbey G.C.","7253","72","RBC Canadian Open","Spencer Levin","14","72","70","71","68","281","-7","95056","41","21","21","14","33","9","300.9","67","44","30","27.3","109","22","-1","2","-8","0","15","50","6","20"
"2016","24-Jul-16","41113","RBC Canadian Open","","Glen Abbey G.C.","7253","72","RBC Canadian Open","Jason Day","14","69","76","69","67","281","-7","95056","11","47","28","14","17","79","324.4","9","43","38","28","112","40","2","3","-12","2","14","45","11","20"
"2016","24-Jul-16","41113","RBC Canadian Open","","Glen Abbey G.C.","7253","72","RBC Canadian Open","Chris Kirk","14","72","73","69","67","281","-7","95056","41","47","28","14","22","66","280.6","80","42","49","26.3","105","5","-4","1","-4","1","19","39","12","20"
"2016","24-Jul-16","41113","RBC Canadian Open","","Glen Abbey G.C.","7253","72","RBC Canadian Open","Michael Thompson","14","72","74","66","69","281","-7","95056","41","62","15","14","33","9","311.9","34","50","3","29.8","119","75","5","0","-12","0","23","35","12","20"
"2016","24-Jul-16","41113","RBC Canadian Open","","Glen Abbey G.C.","7253","72","RBC Canadian Open","Cameron Tringale","14","68","73","69","71","281","-7","95056","7","16","6","14","26","48","304.3","57","38","68","25.8","103","4","3","-5","-5","1","17","43","10","20"
"2016","24-Jul-16","41113","RBC Canadian Open","","Glen Abbey G.C.","7253","72","RBC Canadian Open","Hudson Swafford","14","72","72","67","70","281","-7","95056","41","36","12","14","22","66","312.8","31","50","3","30","120","77","-1","5","-11","2","17","41","10","20"
"2016","24-Jul-16","41113","RBC Canadian Open","","Glen Abbey G.C.","7253","72","RBC Canadian Open","John Senden","23","73","72","70","67","282","-6","61360","55","47","36","23","27","40","307","52","51","2","29.3","117","70","2","0","-8","1","17","43","9","20"
"2016","24-Jul-16","41113","RBC Canadian Open","","Glen Abbey G.C.","7253","72","RBC Canadian Open","Brian Harman","23","75","71","73","63","282","-6","61360","97","62","68","23","29","24","301.3","65","43","38","28.3","113","48","3","2","-11","1","17","41","13","20"
"2016","24-Jul-16","41113","RBC Canadian Open","","Glen Abbey G.C.","7253","72","RBC Canadian Open","Si Woo Kim","23","69","77","67","69","282","-6","61360","11","62","21","23","28","32","310.1","44","39","63","27","108","17","0","2","-8","1","14","47","10","20"
"2016","24-Jul-16","41113","RBC Canadian Open","","Glen Abbey G.C.","7253","72","RBC Canadian Open","Jerry Kelly","26","72","70","71","70","283","-5","45037","41","21","21","26","33","9","299.4","72","50","3","29","116","65","2","2","-9","0","20","39","11","10"
"2016","24-Jul-16","41113","RBC Canadian Open","","Glen Abbey G.C.","7253","72","RBC Canadian Open","Chad Campbell","26","73","67","70","73","283","-5","45037","55","10","6","26","29","24","311.8","37","46","19","28.8","115","59","0","0","-5","0","14","49","9","10"
"2016","24-Jul-16","41113","RBC Canadian Open","","Glen Abbey G.C.","7253","72","RBC Canadian Open","Cameron Percy","26","71","75","70","67","283","-5","45037","30","62","44","26","21","72","320.6","16","47","14","28.5","114","52","1","-2","-4","0","15","47","10","10"
"2016","24-Jul-16","41113","RBC Canadian Open","","Glen Abbey G.C.","7253","72","RBC Canadian Open","Brendon De Jonge","26","68","71","72","72","283","-5","45037","7","6","12","26","27","40","308","49","43","38","27.3","109","22","1","2","-8","0","17","43","12","10"
"2016","24-Jul-16","41113","RBC Canadian Open","","Glen Abbey G.C.","7253","72","RBC Canadian Open","Kevin Kisner","26","73","67","74","69","283","-5","45037","55","10","28","26","29","24","311.4","40","38","68","25.3","101","1","4","-6","-3","0","16","45","11","10"
"2016","24-Jul-16","41113","RBC Canadian Open","","Glen Abbey G.C.","7253","72","RBC Canadian Open","Kelly Kraft","26","67","71","75","70","283","-5","45037","3","3","21","26","35","4","317.5","21","45","23","28","112","40","-2","4","-7","2","16","42","9","10"
"2016","24-Jul-16","41113","RBC Canadian Open","","Glen Abbey G.C.","7253","72","RBC Canadian Open","George Coetzee","32","73","71","77","63","284","-4","34220","55","36","74","32","21","72","322.5","13","38","68","26.8","107","13","0","2","-6","1","17","41","11","10"
"2016","24-Jul-16","41113","RBC Canadian Open","","Glen Abbey G.C.","7253","72","RBC Canadian Open","Danny Lee","32","75","71","72","66","284","-4","34220","97","62","60","32","31","14","304.1","58","46","19","28.8","115","59","3","3","-10","2","13","44","13","10"
"2016","24-Jul-16","41113","RBC Canadian Open","","Glen Abbey G.C.","7253","72","RBC Canadian Open","Rhein Gibson","32","72","72","70","70","284","-4","34220","41","36","28","32","25","55","320.3","17","49","8","30","120","77","1","7","-12","2","14","42","14","10"
"2016","24-Jul-16","41113","RBC Canadian Open","","Glen Abbey G.C.","7253","72","RBC Canadian Open","Troy Merritt","32","74","71","69","70","284","-4","34220","83","47","28","32","24","61","302.8","62","36","79","25.3","101","1","2","1","-7","1","12","50","8","10"
"2016","24-Jul-16","41113","RBC Canadian Open","","Glen Abbey G.C.","7253","72","RBC Canadian Open","Robert Streb","32","78","68","66","72","284","-4","34220","139","62","15","32","31","14","317.3","22","45","23","28.5","114","52","1","7","-12","2","14","43","12","10"
"2016","24-Jul-16","41113","RBC Canadian Open","","Glen Abbey G.C.","7253","72","RBC Canadian Open","Patrick Rodgers","32","76","70","71","67","284","-4","34220","117","62","52","32","26","48","329.5","5","47","14","28.8","115","59","3","-2","-5","1","15","43","13","10"
"2016","24-Jul-16","41113","RBC Canadian Open","","Glen Abbey G.C.","7253","72","RBC Canadian Open","Stuart Appleby","38","71","75","69","70","285","-3","26550","30","62","36","38","24","61","307.9","50","45","23","28.3","113","48","-1","8","-10","2","14","43","11","10"
"2016","24-Jul-16","41113","RBC Canadian Open","","Glen Abbey G.C.","7253","72","RBC Canadian Open","K.J. Choi","38","71","70","77","67","285","-3","26550","30","16","60","38","28","32","301.8","63","43","38","27.3","109","22","3","1","-7","1","14","46","9","10"
"2016","24-Jul-16","41113","RBC Canadian Open","","Glen Abbey G.C.","7253","72","RBC Canadian Open","Chris Stroud","38","72","72","74","67","285","-3","26550","41","36","60","38","27","40","308.8","47","49","8","27.8","111","32","0","8","-11","1","18","43","6","10"
"2016","24-Jul-16","41113","RBC Canadian Open","","Glen Abbey G.C.","7253","72","RBC Canadian Open","Tyler Aldridge","38","69","70","73","73","285","-3","26550","11","6","15","38","26","48","300.3","70","40","57","27.5","110","27","-1","5","-7","0","16","44","11","10"
"2016","24-Jul-16","41113","RBC Canadian Open","","Glen Abbey G.C.","7253","72","RBC Canadian Open","Whee Kim","38","73","72","72","68","285","-3","26550","55","47","52","38","30","16","303.9","61","45","23","28.8","115","59","5","3","-11","1","20","33","17","10"
"2016","24-Jul-16","41113","RBC Canadian Open","","Glen Abbey G.C.","7253","72","RBC Canadian Open","Ryan Palmer","43","70","73","73","70","286","-2","20060","21","31","44","43","23","64","324.5","8","44","30","27.8","111","32","4","1","-7","0","18","40","12","10"
"2016","24-Jul-16","41113","RBC Canadian Open","","Glen Abbey G.C.","7253","72","RBC Canadian Open","Vaughn Taylor","43","73","72","70","71","286","-2","20060","55","47","36","43","34","5","311.9","34","42","49","28.5","114","52","3","6","-11","1","16","41","12","10"
"2016","24-Jul-16","41113","RBC Canadian Open","","Glen Abbey G.C.","7253","72","RBC Canadian Open","Johnson Wagner","43","70","74","70","72","286","-2","20060","21","36","28","43","21","72","306.5","53","49","8","29.3","117","70","0","0","-2","0","14","47","10","10"
"2016","24-Jul-16","41113","RBC Canadian Open","","Glen Abbey G.C.","7253","72","RBC Canadian Open","Derek Fathauer","43","74","72","65","75","286","-2","20060","83","62","12","43","27","40","315.3","27","48","12","29.5","118","72","2","0","-4","0","15","45","11","10"
"2016","24-Jul-16","41113","RBC Canadian Open","","Glen Abbey G.C.","7253","72","RBC Canadian Open","Emiliano Grillo","43","73","72","72","69","286","-2","20060","55","47","52","43","29","24","315.4","26","43","38","28","112","40","6","2","-10","0","18","39","14","10"
"2016","24-Jul-16","41113","RBC Canadian Open","","Glen Abbey G.C.","7253","72","RBC Canadian Open","Chesson Hadley","43","67","78","72","69","286","-2","20060","3","47","52","43","19","77","331.4","2","39","63","26.5","106","8","-2","5","-5","1","16","41","12","10"
"2016","24-Jul-16","41113","RBC Canadian Open","","Glen Abbey G.C.","7253","72","RBC Canadian Open","Ken Duke","49","69","75","71","72","287","-1","14302","11","36","36","49","30","16","304","59","40","57","27","108","17","1","9","-11","0","21","34","15","10"
"2016","24-Jul-16","41113","RBC Canadian Open","","Glen Abbey G.C.","7253","72","RBC Canadian Open","Thomas Aiken","49","75","69","73","70","287","-1","14302","97","36","52","49","25","55","308.9","46","41","53","28","112","40","5","4","-10","0","16","41","15","10"
"2016","24-Jul-16","41113","RBC Canadian Open","","Glen Abbey G.C.","7253","72","RBC Canadian Open","Camilo Villegas","49","74","71","76","66","287","-1","14302","83","47","74","49","24","61","301.8","63","38","68","27.5","110","27","-1","4","-4","1","14","43","13","10"
"2016","24-Jul-16","41113","RBC Canadian Open","","Glen Abbey G.C.","7253","72","RBC Canadian Open","Billy Hurley III","49","78","68","70","71","287","-1","14302","139","62","44","49","30","16","304.5","56","40","57","26.3","105","5","7","0","-8","2","13","46","8","10"
"2016","24-Jul-16","41113","RBC Canadian Open","","Glen Abbey G.C.","7253","72","RBC Canadian Open","Brett Stegmaier","49","69","73","73","72","287","-1","14302","11","21","36","49","30","16","300.1","71","43","38","28.3","113","48","3","1","-5","0","12","51","8","10"
"2016","24-Jul-16","41113","RBC Canadian Open","","Glen Abbey G.C.","7253","72","RBC Canadian Open","Adam Hadwin","49","72","70","74","71","287","-1","14302","41","21","44","49","30","16","310.8","41","42","49","27.8","111","32","2","2","-5","0","17","43","9","10"
"2016","24-Jul-16","41113","RBC Canadian Open","","Glen Abbey G.C.","7253","72","RBC Canadian Open","Carlos Ortiz","49","74","69","72","72","287","-1","14302","83","31","36","49","27","40","322.8","12","45","23","29","116","65","-2","5","-4","0","17","39","16","10"
"2016","24-Jul-16","41113","RBC Canadian Open","","Glen Abbey G.C.","7253","72","RBC Canadian Open","Bud Cauley","49","73","73","70","71","287","-1","14302","55","62","44","49","30","16","317.8","20","43","38","27.8","111","32","3","0","-4","0","13","48","10","10"
"2016","24-Jul-16","41113","RBC Canadian Open","","Glen Abbey G.C.","7253","72","RBC Canadian Open","Mark Hubbard","49","72","71","72","72","287","-1","14302","41","31","36","49","30","16","290.3","78","43","38","28.8","115","59","2","6","-9","0","15","47","7","10"
"2016","24-Jul-16","41113","RBC Canadian Open","","Glen Abbey G.C.","7253","72","RBC Canadian Open","Michael Kim","49","73","70","71","73","287","-1","14302","55","31","28","49","28","32","293.4","77","44","30","27.3","109","22","-2","4","-3","0","16","43","11","10"
"2016","24-Jul-16","41113","RBC Canadian Open","","Glen Abbey G.C.","7253","72","RBC Canadian Open","Vijay Singh","59","72","69","72","75","288","0","13039","41","16","21","59","20","76","315.5","24","38","68","27","108","17","1","5","-6","0","14","45","12","5"
"2016","24-Jul-16","41113","RBC Canadian Open","","Glen Abbey G.C.","7253","72","RBC Canadian Open","Seung-Yul Noh","59","70","70","78","70","288","0","13039","21","10","60","59","14","80","304","59","37","77","27","108","17","2","7","-9","0","18","41","10","5"
"2016","24-Jul-16","41113","RBC Canadian Open","","Glen Abbey G.C.","7253","72","RBC Canadian Open","Henrik Norlander","59","75","69","72","72","288","0","13039","97","36","44","59","34","5","322.1","15","43","38","29.5","118","72","3","5","-8","0","15","43","13","5"
"2016","24-Jul-16","41113","RBC Canadian Open","","Glen Abbey G.C.","7253","72","RBC Canadian Open","William McGirt","59","70","76","73","69","288","0","13039","21","62","68","59","36","3","314.8","28","47","14","28.5","114","52","3","2","-5","0","15","44","11","5"
"2016","24-Jul-16","41113","RBC Canadian Open","","Glen Abbey G.C.","7253","72","RBC Canadian Open","Robert Allenby","63","72","74","75","68","289","1","12685","41","62","74","63","28","32","311.8","37","47","14","29.5","118","72","3","9","-11","1","17","38","14","5"
"2016","24-Jul-16","41113","RBC Canadian Open","","Glen Abbey G.C.","7253","72","RBC Canadian Open","Blayne Barber","63","73","73","70","73","289","1","12685","55","62","44","63","25","55","313.6","30","41","53","27.8","111","32","3","4","-6","0","15","43","12","5"
"2016","24-Jul-16","41113","RBC Canadian Open","","Glen Abbey G.C.","7253","72","RBC Canadian Open","Ernie Els","65","70","76","71","73","290","2","12272","21","62","52","65","25","55","311.9","34","43","38","28.5","114","52","4","3","-5","0","12","47","12","5"
"2016","24-Jul-16","41113","RBC Canadian Open","","Glen Abbey G.C.","7253","72","RBC Canadian Open","Rod Pampling","65","71","71","76","72","290","2","12272","30","21","60","65","28","32","314.8","28","38","68","27.5","110","27","1","9","-8","1","11","47","11","5"
"2016","24-Jul-16","41113","RBC Canadian Open","","Glen Abbey G.C.","7253","72","RBC Canadian Open","Hiroshi Iwata","65","75","68","76","71","290","2","12272","97","31","68","65","28","32","312.5","32","35","80","25.3","101","1","1","11","-10","1","12","45","13","5"
"2016","24-Jul-16","41113","RBC Canadian Open","","Glen Abbey G.C.","7253","72","RBC Canadian Open","Roberto Castro","65","74","72","71","73","290","2","12272","83","62","52","65","25","55","310.5","42","39","63","28","112","40","3","5","-6","1","10","47","14","5"
"2016","24-Jul-16","41113","RBC Canadian Open","","Glen Abbey G.C.","7253","72","RBC Canadian Open","Scott Pinckney","65","71","75","71","73","290","2","12272","30","62","52","65","27","40","309.3","45","38","68","27.8","111","32","2","6","-6","1","13","43","13","5"
"2016","24-Jul-16","41113","RBC Canadian Open","","Glen Abbey G.C.","7253","72","RBC Canadian Open","Greg Chalmers","70","69","73","76","73","291","3","11741","11","21","60","70","18","78","300.4","69","40","57","27.8","111","32","4","2","-3","0","11","50","9","5"
"2016","24-Jul-16","41113","RBC Canadian Open","","Glen Abbey G.C.","7253","72","RBC Canadian Open","Steve Marino","70","75","71","75","70","291","3","11741","97","62","74","70","22","66","311.5","39","44","30","29","116","65","3","4","-4","0","13","46","11","5"
"2016","24-Jul-16","41113","RBC Canadian Open","","Glen Abbey G.C.","7253","72","RBC Canadian Open","Tony Finau","70","74","68","76","73","291","3","11741","83","21","60","70","21","72","330","3","41","53","27.5","110","27","4","2","-3","0","17","39","12","5"
"2016","24-Jul-16","41113","RBC Canadian Open","","Glen Abbey G.C.","7253","72","RBC Canadian Open","Patton Kizzire","70","73","72","73","73","291","3","11741","55","47","60","70","29","24","318.8","19","41","53","28","112","40","5","10","-12","2","15","37","15","5"
"2016","24-Jul-16","41113","RBC Canadian Open","","Glen Abbey G.C.","7253","72","RBC Canadian Open","Tyrone Van Aswegen","74","72","72","76","72","292","4","11446","41","36","71","74","23","64","305","55","38","68","28.8","115","59","3","3","-2","0","9","50","13","5"
"2016","24-Jul-16","41113","RBC Canadian Open","","Glen Abbey G.C.","7253","72","RBC Canadian Open","Sam Saunders","75","71","74","75","73","293","5","11328","30","47","71","75","27","40","298.6","73","37","77","27.3","109","22","2","10","-7","2","11","41","16","5"
"2016","24-Jul-16","41113","RBC Canadian Open","","Glen Abbey G.C.","7253","72","RBC Canadian Open","Derek Ernst","76","77","68","80","69","294","6","11210","128","47","80","76","32","12","298.4","74","39","63","28","112","40","7","6","-7","0","13","45","11","5"
"2016","24-Jul-16","41113","RBC Canadian Open","","Glen Abbey G.C.","7253","72","RBC Canadian Open","D.H. Lee","77","74","71","70","81","296","8","11092","83","47","36","77","28","32","301.1","66","39","63","29","116","65","1","14","-7","2","10","42","15","5"
"2016","24-Jul-16","41113","RBC Canadian Open","","Glen Abbey G.C.","7253","72","RBC Canadian Open","Garrett Rank","77","69","75","76","76","296","8","0","11","36","71","77","22","66","322.4","14","38","68","28.3","113","48","5","8","-5","2","7","49","9","5"
"2016","24-Jul-16","41113","RBC Canadian Open","","Glen Abbey G.C.","7253","72","RBC Canadian Open","Miguel Angel Carballo","79","73","72","78","76","299","11","10974","55","47","79","79","26","48","305.3","54","42","49","31","124","80","2","12","-3","0","8","45","19","5"
"2016","24-Jul-16","41113","RBC Canadian Open","","Glen Abbey G.C.","7253","72","RBC Canadian Open","Corey Conners","80","75","71","76","78","300","12","10856","97","62","78","80","28","32","318.9","18","40","57","29.8","119","75","3","14","-5","0","12","41","15","5"
"2017","30-Jul-17","41484","RBC Canadian Open","","Glen Abbey G.C.","7253","72","RBC Canadian Open","Jhonattan Vegas","1","66","69","67","65","267","-21","1080000","6","10","5","1","28","53","307.5","21","54","7","27.8","111","33","-2","-7","-12","0","27","40","4","100"
"2017","30-Jul-17","41484","RBC Canadian Open","","Glen Abbey G.C.","7253","72","RBC Canadian Open","Charley Hoffman","2","68","66","65","68","267","-21","648000","36","5","1","1","31","36","307.1","23","53","10","28","112","42","-2","-6","-13","1","25","40","6","75"
"2017","30-Jul-17","41484","RBC Canadian Open","","Glen Abbey G.C.","7253","72","RBC Canadian Open","Ian Poulter","3","67","69","68","64","268","-20","408000","17","14","16","3","32","33","284.5","67","53","10","26.3","105","6","-3","-10","-7","0","26","40","6","60"
"2017","30-Jul-17","41484","RBC Canadian Open","","Glen Abbey G.C.","7253","72","RBC Canadian Open","Gary Woodland","4","70","63","68","68","269","-19","288000","70","2","3","4","34","23","310.9","16","56","2","29","116","67","-5","-2","-12","1","27","35","8","40"
"2017","30-Jul-17","41484","RBC Canadian Open","","Glen Abbey G.C.","7253","72","RBC Canadian Open","Robert Garrigus","5","70","69","62","69","270","-18","219000","70","46","3","5","29","48","308.9","19","54","7","28","112","42","-5","-5","-8","3","20","43","4","40"
"2017","30-Jul-17","41484","RBC Canadian Open","","Glen Abbey G.C.","7253","72","RBC Canadian Open","Tony Finau","5","69","67","66","68","270","-18","219000","54","14","5","5","34","23","321.1","3","48","41","26.8","107","13","1","-3","-16","3","19","43","7","40"
"2017","30-Jul-17","41484","RBC Canadian Open","","Glen Abbey G.C.","7253","72","RBC Canadian Open","Brandon Hagy","5","65","68","69","68","270","-18","219000","1","2","5","5","22","75","308.9","19","42","72","25.5","102","2","1","-4","-15","1","25","37","9","40"
"2017","30-Jul-17","41484","RBC Canadian Open","","Glen Abbey G.C.","7253","72","RBC Canadian Open","Dustin Johnson","8","67","69","68","67","271","-17","180000","17","14","16","8","26","65","319.5","6","57","1","28.8","115","61","-3","-2","-12","2","20","44","5","30"
"2017","30-Jul-17","41484","RBC Canadian Open","","Glen Abbey G.C.","7253","72","RBC Canadian Open","Kevin Chappell","8","65","69","66","71","271","-17","180000","1","5","2","8","34","23","311","15","51","21","27","108","18","-5","-4","-8","2","24","35","11","30"
"2017","30-Jul-17","41484","RBC Canadian Open","","Glen Abbey G.C.","7253","72","RBC Canadian Open","Sean O'Hair","10","69","68","70","65","272","-16","144000","54","28","31","10","33","29","303.5","30","55","3","27.5","110","27","-4","-3","-9","1","22","42","6","30"
"2017","30-Jul-17","41484","RBC Canadian Open","","Glen Abbey G.C.","7253","72","RBC Canadian Open","Seamus Power","10","68","70","68","66","272","-16","144000","36","36","27","10","24","71","288.3","63","52","15","27.5","110","27","-1","-6","-9","0","23","42","7","30"
"2017","30-Jul-17","41484","RBC Canadian Open","","Glen Abbey G.C.","7253","72","RBC Canadian Open","Andres Gonzales","10","67","69","66","70","272","-16","144000","17","14","5","10","24","71","310","17","53","10","27.8","111","33","-3","-2","-11","3","21","39","7","30"
"2017","30-Jul-17","41484","RBC Canadian Open","","Glen Abbey G.C.","7253","72","RBC Canadian Open","James Hahn","10","66","73","67","66","272","-16","144000","6","46","27","10","39","3","302.9","34","51","21","27.5","110","27","0","-5","-11","2","20","42","8","30"
"2017","30-Jul-17","41484","RBC Canadian Open","","Glen Abbey G.C.","7253","72","RBC Canadian Open","Vijay Singh","14","66","68","71","68","273","-15","102000","6","5","19","14","31","36","300","42","48","41","26.3","105","6","0","-4","-11","0","23","41","8","20"
"2017","30-Jul-17","41484","RBC Canadian Open","","Glen Abbey G.C.","7253","72","RBC Canadian Open","J.B. Holmes","14","67","70","68","68","273","-15","102000","17","28","19","14","27","58","317.1","8","50","27","27","108","18","-2","-3","-10","4","17","42","8","20"
"2017","30-Jul-17","41484","RBC Canadian Open","","Glen Abbey G.C.","7253","72","RBC Canadian Open","Matt Every","14","65","68","70","70","273","-15","102000","1","2","11","14","28","53","306.5","24","48","41","26.8","107","13","-4","-1","-10","1","22","40","9","20"
"2017","30-Jul-17","41484","RBC Canadian Open","","Glen Abbey G.C.","7253","72","RBC Canadian Open","C.T. Pan","14","72","66","67","68","273","-15","102000","107","36","19","14","36","12","301.5","38","50","27","27","108","18","-3","-6","-6","0","21","45","6","20"
"2017","30-Jul-17","41484","RBC Canadian Open","","Glen Abbey G.C.","7253","72","RBC Canadian Open","Keegan Bradley","14","67","69","72","65","273","-15","102000","17","14","37","14","40","2","297.4","47","47","45","27.8","111","33","-2","-2","-11","2","19","43","8","20"
"2017","30-Jul-17","41484","RBC Canadian Open","","Glen Abbey G.C.","7253","72","RBC Canadian Open","Tyrone Van Aswegen","19","66","70","67","71","274","-14","75300","6","14","11","19","35","19","282.3","71","50","27","27.3","109","22","0","-5","-9","1","19","45","7","20"
"2017","30-Jul-17","41484","RBC Canadian Open","","Glen Abbey G.C.","7253","72","RBC Canadian Open","Martin Flores","19","66","66","72","70","274","-14","75300","6","1","16","19","36","12","303.5","30","52","15","28.3","113","50","1","0","-15","3","16","46","6","20"
"2017","30-Jul-17","41484","RBC Canadian Open","","Glen Abbey G.C.","7253","72","RBC Canadian Open","Sam Saunders","19","68","67","67","72","274","-14","75300","36","10","5","19","32","33","303.5","30","47","45","27.5","110","27","-4","-2","-8","0","23","40","9","20"
"2017","30-Jul-17","41484","RBC Canadian Open","","Glen Abbey G.C.","7253","72","RBC Canadian Open","Kramer Hickok","19","67","71","67","69","274","-14","75300","17","36","19","19","36","12","303.3","33","52","15","27.3","109","22","-2","-3","-9","1","18","47","6","20"
"2017","30-Jul-17","41484","RBC Canadian Open","","Glen Abbey G.C.","7253","72","RBC Canadian Open","Rory Sabbatini","23","70","66","67","72","275","-13","55200","70","14","11","23","30","42","301.1","39","53","10","27.8","111","33","0","-6","-7","2","21","39","8","20"
"2017","30-Jul-17","41484","RBC Canadian Open","","Glen Abbey G.C.","7253","72","RBC Canadian Open","Chez Reavie","23","67","69","69","70","275","-13","55200","17","14","19","23","33","29","295.1","50","43","70","26","104","4","-6","2","-9","0","21","44","6","20"
"2017","30-Jul-17","41484","RBC Canadian Open","","Glen Abbey G.C.","7253","72","RBC Canadian Open","Seung-Yul Noh","23","69","67","71","68","275","-13","55200","54","14","31","23","27","58","298.9","43","52","15","27.5","110","27","-1","-4","-8","1","19","44","8","20"
"2017","30-Jul-17","41484","RBC Canadian Open","","Glen Abbey G.C.","7253","72","RBC Canadian Open","Harold Varner III","23","69","65","69","72","275","-13","55200","54","5","11","23","30","42","320","4","52","15","28.5","114","57","-4","3","-12","2","19","41","10","20"
"2017","30-Jul-17","41484","RBC Canadian Open","","Glen Abbey G.C.","7253","72","RBC Canadian Open","Nick Watney","27","68","69","68","71","276","-12","44400","36","28","19","27","21","76","305.9","26","49","33","28","112","42","0","-3","-9","2","15","48","7","10"
"2017","30-Jul-17","41484","RBC Canadian Open","","Glen Abbey G.C.","7253","72","RBC Canadian Open","David Lingmerth","27","67","70","68","71","276","-12","44400","17","28","19","27","28","53","297","48","47","45","27.3","109","22","1","-2","-11","1","19","44","7","10"
"2017","30-Jul-17","41484","RBC Canadian Open","","Glen Abbey G.C.","7253","72","RBC Canadian Open","Smylie Kaufman","27","66","71","68","71","276","-12","44400","6","28","19","27","26","65","319.9","5","47","45","27","108","18","-2","1","-11","1","20","42","8","10"
"2017","30-Jul-17","41484","RBC Canadian Open","","Glen Abbey G.C.","7253","72","RBC Canadian Open","Luke List","30","72","68","67","70","277","-11","39900","107","58","31","30","28","53","313.9","11","55","3","31","124","76","-1","-1","-9","0","21","41","10","10"
"2017","30-Jul-17","41484","RBC Canadian Open","","Glen Abbey G.C.","7253","72","RBC Canadian Open","Blayne Barber","30","69","68","72","68","277","-11","39900","54","28","41","30","37","8","305.6","27","54","7","28.5","114","57","-3","-1","-7","1","19","42","10","10"
"2017","30-Jul-17","41484","RBC Canadian Open","","Glen Abbey G.C.","7253","72","RBC Canadian Open","Chad Campbell","32","66","69","68","75","278","-10","30480","6","10","11","32","30","42","284.8","65","46","58","28","112","42","-2","0","-8","0","20","42","10","10"
"2017","30-Jul-17","41484","RBC Canadian Open","","Glen Abbey G.C.","7253","72","RBC Canadian Open","Matt Kuchar","32","71","68","70","69","278","-10","30480","89","46","41","32","38","7","290","62","45","61","26.5","106","9","1","2","-13","1","19","43","7","10"
"2017","30-Jul-17","41484","RBC Canadian Open","","Glen Abbey G.C.","7253","72","RBC Canadian Open","Tag Ridings","32","67","69","73","69","278","-10","30480","17","14","41","32","27","58","306.3","25","49","33","28.3","113","50","-1","-2","-7","1","16","48","6","10"
"2017","30-Jul-17","41484","RBC Canadian Open","","Glen Abbey G.C.","7253","72","RBC Canadian Open","Danny Lee","32","72","68","70","68","278","-10","30480","107","58","55","32","35","19","282.6","70","55","3","27.8","111","33","-1","-6","-3","0","19","47","4","10"
"2017","30-Jul-17","41484","RBC Canadian Open","","Glen Abbey G.C.","7253","72","RBC Canadian Open","Jim Herman","32","66","73","71","68","278","-10","30480","6","46","55","32","35","19","313.1","12","45","61","27.3","109","22","-2","-1","-7","1","19","43","7","10"
"2017","30-Jul-17","41484","RBC Canadian Open","","Glen Abbey G.C.","7253","72","RBC Canadian Open","Hudson Swafford","32","65","72","71","70","278","-10","30480","1","28","37","32","34","23","318.8","7","47","45","28.5","114","57","-2","3","-11","0","19","45","7","10"
"2017","30-Jul-17","41484","RBC Canadian Open","","Glen Abbey G.C.","7253","72","RBC Canadian Open","Mackenzie Hughes","32","67","69","74","68","278","-10","30480","17","14","55","32","31","36","298.4","44","50","27","29","116","67","3","-4","-9","1","21","37","13","10"
"2017","30-Jul-17","41484","RBC Canadian Open","","Glen Abbey G.C.","7253","72","RBC Canadian Open","Tom Hoge","32","71","68","70","69","278","-10","30480","89","46","41","32","34","23","293.9","54","51","21","28","112","42","-3","1","-8","0","24","35","12","10"
"2017","30-Jul-17","41484","RBC Canadian Open","","Glen Abbey G.C.","7253","72","RBC Canadian Open","Ryan Ruffels","32","67","67","68","76","278","-10","30480","17","5","5","32","25","70","331.5","1","47","45","27.3","109","22","0","0","-10","1","21","39","9","10"
"2017","30-Jul-17","41484","RBC Canadian Open","","Glen Abbey G.C.","7253","72","RBC Canadian Open","Sebastian Munoz","32","69","69","71","69","278","-10","30480","54","36","41","32","30","42","302.8","35","45","61","26.5","106","9","3","-7","-6","1","20","40","10","10"
"2017","30-Jul-17","41484","RBC Canadian Open","","Glen Abbey G.C.","7253","72","RBC Canadian Open","Ricky Barnes","42","70","70","71","68","279","-9","20400","70","58","65","42","27","58","294","53","49","33","28.8","115","61","-2","0","-7","0","18","46","7","10"
"2017","30-Jul-17","41484","RBC Canadian Open","","Glen Abbey G.C.","7253","72","RBC Canadian Open","Bubba Watson","42","66","73","71","69","279","-9","20400","6","46","55","42","29","48","305.4","28","44","68","27.8","111","33","-2","3","-10","2","16","43","11","10"
"2017","30-Jul-17","41484","RBC Canadian Open","","Glen Abbey G.C.","7253","72","RBC Canadian Open","Daniel Summerhays","42","67","70","72","70","279","-9","20400","17","28","41","42","27","58","297.8","46","47","45","27.8","111","33","0","-1","-8","0","16","50","5","10"
"2017","30-Jul-17","41484","RBC Canadian Open","","Glen Abbey G.C.","7253","72","RBC Canadian Open","Richy Werenski","42","67","71","70","71","279","-9","20400","17","36","37","42","36","12","300.4","41","47","45","26.8","107","13","-1","-3","-5","0","19","44","8","10"
"2017","30-Jul-17","41484","RBC Canadian Open","","Glen Abbey G.C.","7253","72","RBC Canadian Open","Lee McCoy","42","68","71","67","73","279","-9","20400","36","46","27","42","36","12","284.8","65","47","45","26.5","106","9","0","2","-11","0","18","46","7","10"
"2017","30-Jul-17","41484","RBC Canadian Open","","Glen Abbey G.C.","7253","72","RBC Canadian Open","J.T. Poston","42","69","71","69","70","279","-9","20400","54","58","41","42","33","29","316.5","9","49","33","27.8","111","33","0","-1","-8","0","20","42","9","10"
"2017","30-Jul-17","41484","RBC Canadian Open","","Glen Abbey G.C.","7253","72","RBC Canadian Open","Steven Alker","48","70","70","69","71","280","-8","15080","70","58","41","48","35","19","287.6","64","48","41","28","112","42","-2","3","-9","0","21","39","11","10"
"2017","30-Jul-17","41484","RBC Canadian Open","","Glen Abbey G.C.","7253","72","RBC Canadian Open","Chad Collins","48","70","69","73","68","280","-8","15080","70","46","70","48","39","3","290.5","61","52","15","28.3","113","50","0","1","-9","0","22","40","7","10"
"2017","30-Jul-17","41484","RBC Canadian Open","","Glen Abbey G.C.","7253","72","RBC Canadian Open","Graham Delaet","48","68","68","73","71","280","-8","15080","36","14","41","48","31","36","311.4","14","49","33","28","112","42","-2","2","-8","1","16","45","10","10"
"2017","30-Jul-17","41484","RBC Canadian Open","","Glen Abbey G.C.","7253","72","RBC Canadian Open","Kevin Tway","48","67","71","72","70","280","-8","15080","17","36","55","48","31","36","315.9","10","51","21","28.8","115","61","2","-4","-6","1","16","47","6","10"
"2017","30-Jul-17","41484","RBC Canadian Open","","Glen Abbey G.C.","7253","72","RBC Canadian Open","Patrick Cantlay","48","68","72","69","71","280","-8","15080","36","58","41","48","31","36","307.3","22","50","27","28.8","115","61","1","2","-11","1","17","44","9","10"
"2017","30-Jul-17","41484","RBC Canadian Open","","Glen Abbey G.C.","7253","72","RBC Canadian Open","Sam Horsfield","48","68","70","69","73","280","-8","15080","36","36","31","48","26","65","304.6","29","49","33","28.3","113","50","4","-1","-11","0","21","41","7","10"
"2017","30-Jul-17","41484","RBC Canadian Open","","Glen Abbey G.C.","7253","72","RBC Canadian Open","Ben Crane","54","68","70","69","74","281","-7","13740","36","36","31","54","36","12","281.3","72","43","70","26","104","4","1","0","-8","1","15","47","8","5"
"2017","30-Jul-17","41484","RBC Canadian Open","","Glen Abbey G.C.","7253","72","RBC Canadian Open","Steve Wheatcroft","54","72","68","69","72","281","-7","13740","107","58","41","54","36","12","284","69","45","61","26.8","107","13","-2","-3","-2","1","14","49","7","5"
"2017","30-Jul-17","41484","RBC Canadian Open","","Glen Abbey G.C.","7253","72","RBC Canadian Open","Camilo Villegas","54","71","69","74","67","281","-7","13740","89","58","76","54","23","74","295.4","49","37","76","25.3","101","1","1","-1","-7","1","16","45","9","5"
"2017","30-Jul-17","41484","RBC Canadian Open","","Glen Abbey G.C.","7253","72","RBC Canadian Open","Ollie Schniederjans","54","65","71","70","75","281","-7","13740","1","14","27","54","30","42","312.9","13","55","3","30.8","123","75","-1","1","-7","2","14","48","5","5"
"2017","30-Jul-17","41484","RBC Canadian Open","","Glen Abbey G.C.","7253","72","RBC Canadian Open","Ryan Armour","58","71","69","70","72","282","-6","13260","89","58","55","58","37","8","284.3","68","49","33","28.3","113","50","-1","4","-9","0","20","40","10","5"
"2017","30-Jul-17","41484","RBC Canadian Open","","Glen Abbey G.C.","7253","72","RBC Canadian Open","K.J. Choi","58","66","73","69","74","282","-6","13260","6","46","37","58","33","29","294.4","52","45","61","27.5","110","27","1","2","-9","0","17","47","6","5"
"2017","30-Jul-17","41484","RBC Canadian Open","","Glen Abbey G.C.","7253","72","RBC Canadian Open","Ryan Blaum","58","70","70","72","70","282","-6","13260","70","58","70","58","34","23","295.1","50","47","45","29.3","117","69","2","-2","-6","0","18","42","12","5"
"2017","30-Jul-17","41484","RBC Canadian Open","","Glen Abbey G.C.","7253","72","RBC Canadian Open","Peter Malnati","58","66","74","73","69","282","-6","13260","6","58","74","58","39","3","290.9","59","41","73","26.3","105","6","1","1","-8","0","14","52","4","5"
"2017","30-Jul-17","41484","RBC Canadian Open","","Glen Abbey G.C.","7253","72","RBC Canadian Open","Stewart Cink","62","69","69","71","74","283","-5","12720","54","36","41","62","24","71","309.4","18","47","45","29.3","117","69","-3","5","-7","0","17","44","10","5"
"2017","30-Jul-17","41484","RBC Canadian Open","","Glen Abbey G.C.","7253","72","RBC Canadian Open","Bryce Molder","62","71","69","70","73","283","-5","12720","89","58","55","62","27","58","279.9","73","46","58","26.5","106","9","-1","3","-7","0","15","49","6","5"
"2017","30-Jul-17","41484","RBC Canadian Open","","Glen Abbey G.C.","7253","72","RBC Canadian Open","Scott Stallings","62","71","69","67","76","283","-5","12720","89","58","31","62","30","42","302.1","36","44","68","27.8","111","33","-1","3","-7","1","14","46","11","5"
"2017","30-Jul-17","41484","RBC Canadian Open","","Glen Abbey G.C.","7253","72","RBC Canadian Open","Andrew Loupe","62","70","70","71","72","283","-5","12720","70","58","65","62","27","58","322.1","2","50","27","30.3","121","74","2","4","-11","1","14","47","9","5"
"2017","30-Jul-17","41484","RBC Canadian Open","","Glen Abbey G.C.","7253","72","RBC Canadian Open","Mark Hubbard","62","67","73","71","72","283","-5","12720","17","58","65","62","28","53","292.1","57","51","21","28.8","115","61","0","5","-10","0","17","46","7","5"
"2017","30-Jul-17","41484","RBC Canadian Open","","Glen Abbey G.C.","7253","72","RBC Canadian Open","Ken Duke","67","68","68","74","74","284","-4","12240","36","14","55","67","42","1","271.4","76","49","33","28.8","115","61","-2","3","-5","0","18","42","10","5"
"2017","30-Jul-17","41484","RBC Canadian Open","","Glen Abbey G.C.","7253","72","RBC Canadian Open","Morgan Hoffmann","67","68","67","74","75","284","-4","12240","36","10","41","67","32","33","301.8","37","53","10","29.3","117","69","-2","5","-7","1","18","43","5","5"
"2017","30-Jul-17","41484","RBC Canadian Open","","Glen Abbey G.C.","7253","72","RBC Canadian Open","Robby Shelton","67","70","70","73","71","284","-4","12240","70","58","74","67","39","3","300.5","40","45","61","28","112","42","1","3","-8","1","18","37","16","5"
"2017","30-Jul-17","41484","RBC Canadian Open","","Glen Abbey G.C.","7253","72","RBC Canadian Open","Cameron Percy","70","68","71","73","73","285","-3","11760","36","46","70","70","26","65","292.9","55","45","61","28.3","113","50","0","0","-3","1","13","47","10","5"
"2017","30-Jul-17","41484","RBC Canadian Open","","Glen Abbey G.C.","7253","72","RBC Canadian Open","Carl Pettersson","70","68","70","72","75","285","-3","11760","36","36","55","70","26","65","272","75","40","75","25.8","103","3","1","1","-5","2","13","44","12","5"
"2017","30-Jul-17","41484","RBC Canadian Open","","Glen Abbey G.C.","7253","72","RBC Canadian Open","Andres Romero","70","70","70","70","75","285","-3","11760","70","58","55","70","29","48","292","58","41","73","26.8","107","13","1","0","-4","0","15","45","12","5"
"2017","30-Jul-17","41484","RBC Canadian Open","","Glen Abbey G.C.","7253","72","RBC Canadian Open","Miguel Angel Carballo","70","70","69","72","74","285","-3","11760","70","46","65","70","37","8","298","45","51","21","30","120","73","-1","3","-5","0","15","46","10","5"
"2017","30-Jul-17","41484","RBC Canadian Open","","Glen Abbey G.C.","7253","72","RBC Canadian Open","Chris Kirk","70","70","69","70","76","285","-3","11760","70","46","41","70","29","48","292.6","56","47","45","28.5","114","57","2","2","-7","0","16","46","7","5"
"2017","30-Jul-17","41484","RBC Canadian Open","","Glen Abbey G.C.","7253","72","RBC Canadian Open","Jim Furyk","75","68","72","71","75","286","-2","11400","36","58","65","75","37","8","274.6","74","46","58","28.3","113","50","-1","2","-3","0","12","52","6","5"
"2017","30-Jul-17","41484","RBC Canadian Open","","Glen Abbey G.C.","7253","72","RBC Canadian Open","Brett Drewitt","76","68","72","72","77","289","1","11280","36","58","70","76","29","48","290.6","60","47","45","29.8","119","72","3","2","-4","0","14","45","11","5"
